"pnt_id","n_pnts","n_pnts_last","n_pnts_last_incoherent","intensity_avg","thickness","sum_errs_last","sum_errs_last_sq","rmse_last","bias_last"
38,10,10,0,17.7,0.138999999999896,1.10906990331887,0.140388105044753,0.118485486471868,0.110906990331887
39,14,14,1,19.6428571428571,0.164999999999964,1.74969786464567,0.255377901253246,0.135060277879716,0.124978418903262
