"class","n_targets","n_targets_with_last","n_pnts_last","sum_errs_last","sum_errs_last_sq","rmse_last","bias_last"
"shrub",10,4,39,-1210.22418888884,37555.6458740422,31.0316818561546,-31.0313894586882
"open_treed",47,26,317,-3264.53191994261,96870.8724297987,17.4810282408955,-10.2982079493458
"dense_treed",31,4,34,33.8532199430638,35.6768836621605,1.0243632694072,0.995682939501877
