"layer","n_pnts","dup_pnts","intensity_avg","ret_1","ret_2","ret_3","ret_single","ret_abvone","pnts_na_height","pnts_negative_height","height_q01","height_q99","pnts_height_lt_q01","pnts_height_gt_q99","dup_pnts_pct","ret_1_pct","ret_2_pct","ret_3_pct","ret_single_pct","ret_abvone_pct","pnts_na_height_pct","pnts_negative_height_pct","pnts_height_lt_q01_pct","pnts_height_gt_q99_pct"
"common_gt4_aoi",173909111,13213862,15.0986962839457,139099254,21362396,13447461,117433984,56475127,0,507,24.9109182336195,36.9539182336195,1725803,1738676,7.59814245729771,79.9838796254901,12.2836554549462,7.73246491956365,67.5260676825609,32.4739323174391,0,0.000291531592039476,0.992359163977326,0.999761306352719
