"class","n_targets","n_targets_with_last","n_pnts_last","sum_errs_last","sum_errs_last_sq","rmse_last","bias_last"
"shrub",10,10,107,27.3532563907038,9.20160314360842,0.29325124221691,0.255637910193494
"open_treed",47,47,605,-216.119438897815,274.8054296434,0.673961312428428,-0.357222213054239
"dense_treed",31,28,276,149.495388411553,154.8238892716,0.748970039820871,0.541649958012873
