"class","n_targets","n_targets_with_last","n_pnts_last","sum_errs_last","sum_errs_last_sq","rmse_last","bias_last"
"shrub",10,10,91,-2821.80897405225,87502.1476396245,31.009064190554,-31.00888982475
"open_treed",47,40,483,-8467.71610438757,258798.004244501,23.1476494137971,-17.5315033217134
"dense_treed",31,9,84,-1566.73228374054,49523.2815585102,24.2809158743353,-18.651574806435
