"layer","n_pnts","dup_pnts","intensity_avg","ret_1","ret_2","ret_3","ret_single","ret_abvone","pnts_na_height","pnts_negative_height","height_q01","height_q99","pnts_height_lt_q01","pnts_height_gt_q99","dup_pnts_pct","ret_1_pct","ret_2_pct","ret_3_pct","ret_single_pct","ret_abvone_pct","pnts_na_height_pct","pnts_negative_height_pct","pnts_height_lt_q01_pct","pnts_height_gt_q99_pct"
"common_gt4_aoi",454955709,74628132,16.2592515154041,276837292,110771286,67347131,163426873,291528836,0,5,24.9412037491446,37.0522037491446,4544799,4547814,16.4033840050131,60.8492841222924,24.3477076578459,14.8030082198617,35.9214907664781,64.0785092335219,0,1.09900807948758e-06,0.998954164129414,0.999616866001345
