"class","n_targets","n_targets_with_last","n_pnts_last","sum_errs_last","sum_errs_last_sq","rmse_last","bias_last"
"shrub",10,9,96,30.5352940478429,12.3855081936274,0.359187569871628,0.31807597966503
"open_treed",47,38,495,-215.73407756581,261.282626301355,0.726528519397338,-0.435826419324868
"dense_treed",31,15,148,84.9449949904246,110.900509283265,0.865637201965967,0.57395266885422
