"class","n_targets","n_targets_with_last","n_pnts_last","sum_errs_last","sum_errs_last_sq","rmse_last","bias_last"
"shrub",10,10,105,-3265.8758334329,101581.71856062,31.1037769197338,-31.1035793660276
"open_treed",47,47,610,-9390.0086513721,284915.444034687,21.6119064040524,-15.393456805528
"dense_treed",31,26,228,-1706.33678116859,56783.0057048104,15.7812632775432,-7.48393325073942
