"layer","n_pnts","dup_pnts","intensity_avg","ret_1","ret_2","ret_3","ret_single","ret_abvone","pnts_na_height","pnts_negative_height","height_q01","height_q99","pnts_height_lt_q01","pnts_height_gt_q99","dup_pnts_pct","ret_1_pct","ret_2_pct","ret_3_pct","ret_single_pct","ret_abvone_pct","pnts_na_height_pct","pnts_negative_height_pct","pnts_height_lt_q01_pct","pnts_height_gt_q99_pct"
"common_gt4_aoi",486047708,60852335,14.0554701741336,314748614,105234557,66064537,208084411,277963297,0,405,24.8753825387343,36.8473825387343,4848536,4858754,12.5198275803823,64.7567324810839,21.6510756594289,13.5921918594872,42.8115198518743,57.1884801481257,0,8.33251537521909e-05,0.997543228822303,0.999645491590303
