"layer","n_pnts","dup_pnts","intensity_avg","ret_1","ret_2","ret_3","ret_single","ret_abvone","pnts_na_height","pnts_negative_height","height_q01","height_q99","pnts_height_lt_q01","pnts_height_gt_q99","dup_pnts_pct","ret_1_pct","ret_2_pct","ret_3_pct","ret_single_pct","ret_abvone_pct","pnts_na_height_pct","pnts_negative_height_pct","pnts_height_lt_q01_pct","pnts_height_gt_q99_pct"
"common_gt4_aoi",164286352,6481048,14.5587233077036,148630837,9111158,6544357,139505029,24781323,0,583,21.7005455523973,34.3545455523973,1640951,1641916,3.94497042578436,90.4705930776283,5.54590073312968,3.98350618924206,84.9157749878091,15.0842250121909,0,0.000354868187711661,0.998835861910185,0.999423250934442
