"class","n_targets","n_targets_with_last","n_pnts_last","sum_errs_last","sum_errs_last_sq","rmse_last","bias_last"
"shrub",10,10,80,-2017.00267939737,50858.3644205024,25.2136779398857,-25.2125334924672
"open_treed",47,47,554,-5199.31947066182,175763.985394378,17.8118924188925,-9.38505319614048
"dense_treed",31,30,272,-314.4992246055,48363.0157260607,13.3343618098214,-1.15624714928493
